"","code","description","selectionOnly","type","startDate","endDate"
"1","535","Bonaire/S.Eustatius/Saba",FALSE,"country",NA,NA
"2","736","Sudan (former)",FALSE,"country",NA,NA
"3","728","South Sudan",FALSE,"country",NA,NA
"4","663","Saint-Martin",FALSE,"country",NA,NA
"5","652","Saint Barthélemy",FALSE,"country",NA,NA
"6","896","Other nei",FALSE,"country",NA,NA
"7","832","Jersey",FALSE,"country",NA,NA
"8","831","Guernsey",FALSE,"country",NA,NA
"9","381","Italy",FALSE,"country",NA,NA
"10","0000","Sudan (former)",FALSE,"synthetic",NA,NA
"11","248","Åland Islands",FALSE,"country",NA,NA
"12","835","Zanzibar",FALSE,"country",NA,NA
"13","239","SouthGeorgia/Sandwich Is",FALSE,"country",NA,NA
"14","412","Kosovo",FALSE,"country",NA,NA
"15","716","Zimbabwe",FALSE,"country",NA,NA
"16","894","Zambia",FALSE,"country",NA,NA
"17","890","Yugoslav SFR(-1991)",FALSE,"country",NA,NA
"18","987","Yugo F Area(1992-)",FALSE,"group",NA,NA
"19","720","Yemen Dem",FALSE,"country",NA,NA
"20","886","Yemen Ar Rp",FALSE,"country",NA,NA
"21","887","Yemen",FALSE,"country",NA,NA
"22","1133","Wrld Oth EAA",FALSE,"group",NA,NA
"23","1058","World (Fmr)",FALSE,"group",NA,NA
"24","1099","World (Fmr)",FALSE,"group",NA,NA
"25","1035","World,EAA",FALSE,"group",NA,NA
"26","1198","World AT2030",FALSE,"group",NA,NA
"27","936","World",FALSE,"group",NA,NA
"28","1117","World",FALSE,"group",NA,NA
"29","1110","World",FALSE,"group",NA,NA
"30","996","World",FALSE,"group",NA,NA
"31","1","World",FALSE,"group",NA,NA
"32","953","World",FALSE,"group",NA,NA
"33","0","wildcard",FALSE,"synthetic",NA,NA
"34","904","W Europe",FALSE,"group",NA,NA
"35","732","Westn Sahara",FALSE,"country",NA,NA
"36","402","West Bank(-1995)",FALSE,"country",NA,NA
"37","909","West Africa",FALSE,"group",NA,NA
"38","876","Wallis and Futuna Islands",FALSE,"country",NA,NA
"39","872","Wake Is",FALSE,"country",NA,NA
"40","1111","WAEMU",FALSE,"group",NA,NA
"41","704","Viet Nam",FALSE,"country",NA,NA
"42","862","Venezuela (Bolivarian Republic of)",FALSE,"country",NA,NA
"43","548","Vanuatu",FALSE,"country",NA,NA
"44","860","Uzbekistan",FALSE,"country",NA,NA
"45","850","US Virgin Is",FALSE,"country",NA,NA
"46","1107","USSR F Area(1992-)",FALSE,"group",NA,NA
"47","939","USSR Europe",FALSE,"group",NA,NA
"48","941","USSR Asia",FALSE,"group",NA,NA
"49","810","USSR(-1991)",FALSE,"country",NA,NA
"50","581","US Minor Is",FALSE,"country",NA,NA
"51","858","Uruguay",FALSE,"country",NA,NA
"52","840","United States of America",FALSE,"country",NA,NA
"53","834","United Republic of Tanzania",FALSE,"country",NA,NA
"54","826","United Kingdom",FALSE,"country",NA,NA
"55","784","United Arab Emirates",FALSE,"country",NA,NA
"56","804","Ukraine",FALSE,"country",NA,NA
"57","800","Uganda",FALSE,"country",NA,NA
"58","798","Tuvalu",FALSE,"country",NA,NA
"59","796","Turks and Caicos Islands",FALSE,"country",NA,NA
"60","795","Turkmenistan",FALSE,"country",NA,NA
"61","792","Turkey",FALSE,"country",NA,NA
"62","788","Tunisia",FALSE,"country",NA,NA
"63","780","Trinidad and Tobago",FALSE,"country",NA,NA
"64","928","Transition M",FALSE,"group",NA,NA
"65","776","Tonga",FALSE,"country",NA,NA
"66","772","Tokelau",FALSE,"country",NA,NA
"67","768","Togo",FALSE,"country",NA,NA
"68","1083","TINCPD",FALSE,"group",NA,NA
"69","626","Timor-Leste",FALSE,"country",NA,NA
"70","764","Thailand",FALSE,"country",NA,NA
"71","807","The former Yugoslav Republic of Macedonia",FALSE,"country",NA,NA
"72","762","Tajikistan",FALSE,"country",NA,NA
"73","760","Syrian Arab Republic",FALSE,"country",NA,NA
"74","902","SW Pac (FAO)",FALSE,"group",NA,NA
"75","756","Switzerland",FALSE,"country",NA,NA
"76","752","Sweden",FALSE,"country",NA,NA
"77","748","Swaziland",FALSE,"country",NA,NA
"78","744","Svalbard Is",FALSE,"country",NA,NA
"79","740","Suriname",FALSE,"country",NA,NA
"80","729","Sudan",FALSE,"country",NA,NA
"81","1165","SubSa(LIFDC)",FALSE,"group",NA,NA
"82","958","Sub-Sahara",FALSE,"group",NA,NA
"83","1167","SubSa(EHDAX)",FALSE,"group",NA,NA
"84","1067","SUB GROUP",FALSE,"group",NA,NA
"85","1071","SUATLA",FALSE,"group",NA,NA
"86","1087","SUATCLP",FALSE,"group",NA,NA
"87","1178","SUAPLTS(1961-)",FALSE,"group",NA,NA
"88","1177","SUAPLTI(1961-)",FALSE,"group",NA,NA
"89","1190","SUAPLS",FALSE,"group",NA,NA
"90","1086","SUAPLP",FALSE,"group",NA,NA
"91","1179","SUAPLD",FALSE,"group",NA,NA
"92","1084","SUAPCP",FALSE,"group",NA,NA
"93","1085","SUAPCD",FALSE,"group",NA,NA
"94","1070","SUAP",FALSE,"group",NA,NA
"95","1074","SUAFP",FALSE,"group",NA,NA
"96","1072","SUAFP",FALSE,"group",NA,NA
"97","1075","SUAFD",FALSE,"group",NA,NA
"98","1073","SUAFD",FALSE,"group",NA,NA
"99","1108","SSahara&SAfr",FALSE,"group",NA,NA
"100","144","Sri Lanka",FALSE,"country",NA,NA
"101","1152","SPF Dvng",FALSE,"group",NA,NA
"102","1146","SPF",FALSE,"group",NA,NA
"103","1188","SPEC",FALSE,"group",NA,NA
"104","1154","SPC Dvng&RsF",FALSE,"group",NA,NA
"105","992","SPC",FALSE,"group",NA,NA
"106","724","Spain",FALSE,"country",NA,NA
"107","920","South Asia",FALSE,"group",NA,NA
"108","915","SouthAmerica",FALSE,"group",NA,NA
"109","710","South Africa",FALSE,"country",NA,NA
"110","706","Somalia",FALSE,"country",NA,NA
"111","90","Solomon Islands",FALSE,"country",NA,NA
"112","1173","SNEA",FALSE,"group",NA,NA
"113","705","Slovenia",FALSE,"country",NA,NA
"114","703","Slovakia",FALSE,"country",NA,NA
"115","1172","SLAC",FALSE,"group",NA,NA
"116","702","Singapore",FALSE,"country",NA,NA
"117","694","Sierra Leone",FALSE,"country",NA,NA
"118","690","Seychelles",FALSE,"country",NA,NA
"119","1171","SEUR",FALSE,"group",NA,NA
"120","891","Serbia-Monte(1992-2005)",FALSE,"country",NA,NA
"121","688","Serbia",FALSE,"country",NA,NA
"122","686","Senegal",FALSE,"country",NA,NA
"123","682","Saudi Arabia",FALSE,"country",NA,NA
"124","1170","SAPA",FALSE,"group",NA,NA
"125","678","Sao Tome and Principe",FALSE,"country",NA,NA
"126","674","San Marino",FALSE,"country",NA,NA
"127","882","Samoa",FALSE,"country",NA,NA
"128","670","Saint Vincent and the Grenadines",FALSE,"country",NA,NA
"129","666","Saint Pierre and Miquelon",FALSE,"country",NA,NA
"130","662","Saint Lucia",FALSE,"country",NA,NA
"131","659","Saint Kitts and Nevis",FALSE,"country",NA,NA
"132","654","Saint Helena, Ascension and Tristan da Cunha",FALSE,"country",NA,NA
"133","1092","SAfrica Dvng",FALSE,"group",NA,NA
"134","1169","SAFR",FALSE,"group",NA,NA
"135","983","SADC",FALSE,"group",NA,NA
"136","967","SAARC",FALSE,"group",NA,NA
"137","646","Rwanda",FALSE,"country",NA,NA
"138","643","Russian Federation",FALSE,"country",NA,NA
"139","642","Romania",FALSE,"country",NA,NA
"140","946","RNE",FALSE,"group",NA,NA
"141","973","RLC",FALSE,"group",NA,NA
"142","638","Réunion",FALSE,"country",NA,NA
"143","974","REU",FALSE,"group",NA,NA
"144","498","Republic of Moldova",FALSE,"country",NA,NA
"145","410","Republic of Korea",FALSE,"country",NA,NA
"146","945","RAP",FALSE,"group",NA,NA
"147","1054","RAP",FALSE,"group",NA,NA
"148","972","RAF",FALSE,"group",NA,NA
"149","634","Qatar",FALSE,"country",NA,NA
"150","630","Puerto Rico",FALSE,"country",NA,NA
"151","1136","ProdPricesLP(1961-)",FALSE,"group",NA,NA
"152","1192","ProdPricesCP(1961-)",FALSE,"group",NA,NA
"153","620","Portugal",FALSE,"country",NA,NA
"154","616","Poland",FALSE,"country",NA,NA
"155","612","Pitcairn Is",FALSE,"country",NA,NA
"156","1081","PINCP",FALSE,"group",NA,NA
"157","608","Philippines",FALSE,"country",NA,NA
"158","604","Peru",FALSE,"country",NA,NA
"159","1153","PECC Dvng",FALSE,"group",NA,NA
"160","1149","PECC",FALSE,"group",NA,NA
"161","600","Paraguay",FALSE,"country",NA,NA
"162","598","Papua New Guinea",FALSE,"country",NA,NA
"163","591","Panama",FALSE,"country",NA,NA
"164","275","Palestine(1996-)",FALSE,"country",NA,NA
"165","585","Palau",FALSE,"country",NA,NA
"166","586","Pakistan",FALSE,"country",NA,NA
"167","582","Pacific Is",FALSE,"country",NA,NA
"168","1050","Oth,Oceania",FALSE,"group",NA,NA
"169","1103","OPEC",FALSE,"group",NA,NA
"170","512","Oman",FALSE,"country",NA,NA
"171","975","OIC",FALSE,"group",NA,NA
"172","985","OECS",FALSE,"group",NA,NA
"173","937","OECD",FALSE,"group",NA,NA
"174","1140","Oceania Unal",FALSE,"group",NA,NA
"175","1048","Oceania,EAA",FALSE,"group",NA,NA
"176","1131","Oceania EAA",FALSE,"group",NA,NA
"177","906","Oceania Dvpd",FALSE,"group",NA,NA
"178","924","Oceania Dvng",FALSE,"group",NA,NA
"179","934","Oceania",FALSE,"group",NA,NA
"180","1145","OAU",FALSE,"group",NA,NA
"181","976","OAPEC",FALSE,"group",NA,NA
"182","908","N W Africa",FALSE,"group",NA,NA
"183","578","Norway",FALSE,"country",NA,NA
"184","1125","NorthAmerica",FALSE,"group",NA,NA
"185","1101","North Africa",FALSE,"group",NA,NA
"186","574","Norfolk Is",FALSE,"country",NA,NA
"187","580","N Marianas",FALSE,"country",NA,NA
"188","570","Niue",FALSE,"country",NA,NA
"189","566","Nigeria",FALSE,"country",NA,NA
"190","562","Niger",FALSE,"country",NA,NA
"191","558","Nicaragua",FALSE,"country",NA,NA
"192","1174","NFIDC",FALSE,"group",NA,NA
"193","554","New Zealand",FALSE,"country",NA,NA
"194","540","New Caledonia",FALSE,"country",NA,NA
"195","536","Neutral Zone",FALSE,"group",NA,NA
"196","528","Netherlands",FALSE,"country",NA,NA
"197","530","NethAntilles",FALSE,"country",NA,NA
"198","524","Nepal",FALSE,"country",NA,NA
"199","1195","NE&NA(LIFDC)",FALSE,"group",NA,NA
"200","922","N East&N Afr",FALSE,"group",NA,NA
"201","918","N East Asia",FALSE,"group",NA,NA
"202","917","N East Afr",FALSE,"group",NA,NA
"203","947","NearEast FAO",FALSE,"group",NA,NA
"204","1032","Near East",FALSE,"group",NA,NA
"205","916","Near East",FALSE,"group",NA,NA
"206","1120","NearEAsia(Ot",FALSE,"group",NA,NA
"207","931","N C America",FALSE,"group",NA,NA
"208","520","Nauru",FALSE,"country",NA,NA
"209","516","Namibia",FALSE,"country",NA,NA
"210","1090","N Amer (FAO)",FALSE,"group",NA,NA
"211","903","N Amer Dvpd",FALSE,"group",NA,NA
"212","923","N Amer Dvng",FALSE,"group",NA,NA
"213","926","NAFTA",FALSE,"group",NA,NA
"214","104","Myanmar",FALSE,"country",NA,NA
"215","508","Mozambique",FALSE,"country",NA,NA
"216","504","Morocco",FALSE,"country",NA,NA
"217","500","Montserrat",FALSE,"country",NA,NA
"218","499","Montenegro",FALSE,"country",NA,NA
"219","496","Mongolia",FALSE,"country",NA,NA
"220","492","Monaco",FALSE,"country",NA,NA
"221","488","Midway Is",FALSE,"country",NA,NA
"222","583","Micronesia (Federated States of)",FALSE,"country",NA,NA
"223","484","Mexico",FALSE,"country",NA,NA
"224","1143","MERCOSUR",FALSE,"group",NA,NA
"225","175","Mayotte",FALSE,"country",NA,NA
"226","480","Mauritius",FALSE,"country",NA,NA
"227","478","Mauritania",FALSE,"country",NA,NA
"228","474","Martinique",FALSE,"country",NA,NA
"229","584","Marshall Islands",FALSE,"country",NA,NA
"230","470","Malta",FALSE,"country",NA,NA
"231","466","Mali",FALSE,"country",NA,NA
"232","462","Maldives",FALSE,"country",NA,NA
"233","458","Malaysia",FALSE,"country",NA,NA
"234","454","Malawi",FALSE,"country",NA,NA
"235","450","Madagascar",FALSE,"country",NA,NA
"236","442","Luxembourg",FALSE,"country",NA,NA
"237","1080","LUIP",FALSE,"group",NA,NA
"238","1077","LUIM",FALSE,"group",NA,NA
"239","1078","LUILU",FALSE,"group",NA,NA
"240","1079","LUII",FALSE,"group",NA,NA
"241","1189","LUIF",FALSE,"group",NA,NA
"242","966","Low-Income",FALSE,"group",NA,NA
"243","994","Low-Income",FALSE,"group",NA,NA
"244","1106","LOWA",FALSE,"group",NA,NA
"245","440","Lithuania",FALSE,"country",NA,NA
"246","1168","LIFDCs(SOFA)",FALSE,"group",NA,NA
"247","1059","LIFDCs",FALSE,"group",NA,NA
"248","957","LIFDCs",FALSE,"group",NA,NA
"249","438","Liechtenstein",FALSE,"country",NA,NA
"250","434","Libya",FALSE,"country",NA,NA
"251","430","Liberia",FALSE,"country",NA,NA
"252","426","Lesotho",FALSE,"country",NA,NA
"253","422","Lebanon",FALSE,"country",NA,NA
"254","1051","LDC's EAA",FALSE,"group",NA,NA
"255","428","Latvia",FALSE,"country",NA,NA
"256","943","LatinAmerica",FALSE,"group",NA,NA
"257","912","LatAmer&Car",FALSE,"group",NA,NA
"258","1091","LatAmCar FAO",FALSE,"group",NA,NA
"259","1098","LAS",FALSE,"group",NA,NA
"260","418","Lao People's Democratic Republic",FALSE,"country",NA,NA
"261","1047","LAmerica,EAA",FALSE,"group",NA,NA
"262","984","LAIA",FALSE,"group",NA,NA
"263","959","LAES",FALSE,"group",NA,NA
"264","1164","LA&C (LIFDC)",FALSE,"group",NA,NA
"265","1102","LA&C (EHDAX)",FALSE,"group",NA,NA
"266","417","Kyrgyzstan",FALSE,"country",NA,NA
"267","414","Kuwait",FALSE,"country",NA,NA
"268","296","Kiribati",FALSE,"country",NA,NA
"269","404","Kenya",FALSE,"country",NA,NA
"270","398","Kazakhstan",FALSE,"country",NA,NA
"271","400","Jordan",FALSE,"country",NA,NA
"272","396","Johnston Is",FALSE,"country",NA,NA
"273","392","Japan",FALSE,"country",NA,NA
"274","388","Jamaica",FALSE,"country",NA,NA
"275","380","Italy",FALSE,"country",NA,NA
"276","376","Israel",FALSE,"country",NA,NA
"277","833","Isle of Man",FALSE,"country",NA,NA
"278","372","Ireland",FALSE,"country",NA,NA
"279","368","Iraq",FALSE,"country",NA,NA
"280","364","Iran (Islamic Republic of)",FALSE,"country",NA,NA
"281","1155","IORARCDng&SA",FALSE,"group",NA,NA
"282","1151","IORARC",FALSE,"group",NA,NA
"283","927","Industrial",FALSE,"group",NA,NA
"284","360","Indonesia",FALSE,"country",NA,NA
"285","356","India",FALSE,"country",NA,NA
"286","1196","IGAG",FALSE,"group",NA,NA
"287","1144","IGAD",FALSE,"group",NA,NA
"288","352","Iceland",FALSE,"country",NA,NA
"289","348","Hungary",FALSE,"country",NA,NA
"290","340","Honduras",FALSE,"country",NA,NA
"291","336","Holy See",FALSE,"country",NA,NA
"292","334","Heard Is",FALSE,"country",NA,NA
"293","332","Haiti",FALSE,"country",NA,NA
"294","328","Guyana",FALSE,"country",NA,NA
"295","624","Guinea-Bissau",FALSE,"country",NA,NA
"296","324","Guinea",FALSE,"country",NA,NA
"297","320","Guatemala",FALSE,"country",NA,NA
"298","316","Guam",FALSE,"country",NA,NA
"299","312","Guadeloupe",FALSE,"country",NA,NA
"300","308","Grenada",FALSE,"country",NA,NA
"301","304","Greenland",FALSE,"country",NA,NA
"302","300","Greece",FALSE,"country",NA,NA
"303","292","Gibraltar",FALSE,"country",NA,NA
"304","288","Ghana",FALSE,"country",NA,NA
"305","278","Germany Nl",FALSE,"country",NA,NA
"306","280","Germany Fr",FALSE,"country",NA,NA
"307","276","Germany",FALSE,"country",NA,NA
"308","268","Georgia",FALSE,"country",NA,NA
"309","1197","GCC",FALSE,"group",NA,NA
"310","274","Gaza Strip(-1995)",FALSE,"country",NA,NA
"311","270","Gambia",FALSE,"country",NA,NA
"312","266","Gabon",FALSE,"country",NA,NA
"313","1157","FS C and PL",FALSE,"group",NA,NA
"314","1156","FS C and P",FALSE,"group",NA,NA
"315","1158","FS C and NPL",FALSE,"group",NA,NA
"316","260","Fr South Ter",FALSE,"country",NA,NA
"317","1132","Frm USSR EAA",FALSE,"group",NA,NA
"318","258","French Polynesia",FALSE,"country",NA,NA
"319","254","French Guiana",FALSE,"country",NA,NA
"320","250","France",FALSE,"country",NA,NA
"321","1082","FoodAidFA",FALSE,"group",NA,NA
"322","246","Finland",FALSE,"country",NA,NA
"323","242","Fiji",FALSE,"country",NA,NA
"324","971","FE&P (LIFDC)",FALSE,"group",NA,NA
"325","1175","FE&P (EHDAX)",FALSE,"group",NA,NA
"326","1033","FE & Oceania",FALSE,"group",NA,NA
"327","1162","FCPCS(1961-)",FALSE,"group",NA,NA
"328","1159","FCFC(1961-)",FALSE,"group",NA,NA
"329","1161","FCCA(1961-)",FALSE,"group",NA,NA
"330","1194","FCAP(1961-)",FALSE,"group",NA,NA
"331","1160","FCAM(1961-)",FALSE,"group",NA,NA
"332","1191","FBSFBS",FALSE,"group",NA,NA
"333","234","Faroe Islands",FALSE,"country",NA,NA
"334","1113","FarEast&Ocea",FALSE,"group",NA,NA
"335","1118","FarEast&Ocea",FALSE,"group",NA,NA
"336","944","FarEast&Ocea",FALSE,"group",NA,NA
"337","1116","Far East",FALSE,"group",NA,NA
"338","919","Far East",FALSE,"group",NA,NA
"339","1031","Far East",FALSE,"group",NA,NA
"340","1093","Far East",FALSE,"group",NA,NA
"341","1065","FAO OFFICES",FALSE,"group",NA,NA
"342","1064","FAO MEMBERS",FALSE,"group",NA,NA
"343","990","FAO Member",FALSE,"group",NA,NA
"344","238","Falkland Islands (Malvinas)",FALSE,"country",NA,NA
"345","1123","Europe&Israe",FALSE,"group",NA,NA
"346","956","Europe (Fmr)",FALSE,"group",NA,NA
"347","901","Europe (FAO)",FALSE,"group",NA,NA
"348","1130","Europe EAA",FALSE,"group",NA,NA
"349","952","Europe",FALSE,"group",NA,NA
"350","930","Europe",FALSE,"group",NA,NA
"351","1096","Europ&Baltic(1991-)",FALSE,"group",NA,NA
"352","1124","Eur&IsrExcEU",FALSE,"group",NA,NA
"353","1216","EU (27)",FALSE,"group",NA,NA
"354","1205","EU (25)",FALSE,"group",NA,NA
"355","1095","EU (15)",FALSE,"group",NA,NA
"356","905","EU (12)",FALSE,"group",NA,NA
"357","230","Ethiopia PDR(-1992)",FALSE,"country",NA,NA
"358","231","Ethiopia",FALSE,"country",NA,NA
"359","988","Ethio F Area(1993-)",FALSE,"group",NA,NA
"360","233","Estonia",FALSE,"country",NA,NA
"361","1119","E SEAsia&Chn",FALSE,"group",NA,NA
"362","1114","E SEAsia&Chn",FALSE,"group",NA,NA
"363","1097","E SEAsia&Chn",FALSE,"group",NA,NA
"364","1122","E&SE Asia,Ch",FALSE,"group",NA,NA
"365","921","E SE Asia",FALSE,"group",NA,NA
"366","1034","ESE As&China",FALSE,"group",NA,NA
"367","1112","ESCWA",FALSE,"group",NA,NA
"368","940","ESCAP",FALSE,"group",NA,NA
"369","232","Eritrea",FALSE,"country",NA,NA
"370","226","Equatorial Guinea",FALSE,"country",NA,NA
"371","222","El Salvador",FALSE,"country",NA,NA
"372","1166","EHDAX",FALSE,"group",NA,NA
"373","818","Egypt",FALSE,"country",NA,NA
"374","991","EFTA",FALSE,"group",NA,NA
"375","929","E Europe",FALSE,"group",NA,NA
"376","218","Ecuador",FALSE,"country",NA,NA
"377","980","ECOWAS",FALSE,"group",NA,NA
"378","1142","ECO",FALSE,"group",NA,NA
"379","969","ECLAC",FALSE,"group",NA,NA
"380","978","ECGL",FALSE,"group",NA,NA
"381","970","ECE",FALSE,"group",NA,NA
"382","977","ECCAS",FALSE,"group",NA,NA
"383","968","ECA",FALSE,"group",NA,NA
"384","911","East Africa",FALSE,"group",NA,NA
"385","534","Sint Maarten",FALSE,"country",NA,NA
"386","535.03","Sint Eustatius",FALSE,"country",NA,NA
"387","1044","Dvg SbSh,EAA",FALSE,"group",NA,NA
"388","1045","Dvg Oths,EAA",FALSE,"group",NA,NA
"389","1043","Dvg N Af,EAA",FALSE,"group",NA,NA
"390","1042","Dvg LA&C,EAA",FALSE,"group",NA,NA
"391","1039","Dvd WEur,EAA",FALSE,"group",NA,NA
"392","1135","Dvd Tran EAA",FALSE,"group",NA,NA
"393","1041","Dvd Oths,EAA",FALSE,"group",NA,NA
"394","1040","Dvd Ocen,EAA",FALSE,"group",NA,NA
"395","1038","Dvd NAmr,EAA",FALSE,"group",NA,NA
"396","1037","Dvd Ind,EAA",FALSE,"group",NA,NA
"397","1134","Dvd Ind EAA",FALSE,"group",NA,NA
"398","214","Dominican Republic",FALSE,"country",NA,NA
"399","212","Dominica",FALSE,"country",NA,NA
"400","535.02","Saba",FALSE,"country",NA,NA
"401","1002","Dng Oth EAA",FALSE,"group",NA,NA
"402","1001","Dng Ocea EAA",FALSE,"group",NA,NA
"403","1000","Dng LtCb EAA",FALSE,"group",NA,NA
"404","999","Dng Asia EAA",FALSE,"group",NA,NA
"405","982","Dng Ant EAA",FALSE,"group",NA,NA
"406","997","Dng Afr EAA",FALSE,"group",NA,NA
"407","262","Djibouti",FALSE,"country",NA,NA
"408","1025","Dg OthersEAA",FALSE,"group",NA,NA
"409","1024","Dg Ocean EAA",FALSE,"group",NA,NA
"410","1019","Dg China EAA",FALSE,"group",NA,NA
"411","1018","Dg As SthEAA",FALSE,"group",NA,NA
"412","1017","Dg As NE EAA",FALSE,"group",NA,NA
"413","1016","Dg As ESE",FALSE,"group",NA,NA
"414","1015","Dg Anta EAA",FALSE,"group",NA,NA
"415","1023","Dg Am SthEAA",FALSE,"group",NA,NA
"416","1020","Dg Am NthEAA",FALSE,"group",NA,NA
"417","1021","Dg Am CenEAA",FALSE,"group",NA,NA
"418","1022","Dg Am CabEAA",FALSE,"group",NA,NA
"419","1014","Dg Af Wt EAA",FALSE,"group",NA,NA
"420","1013","Dg Af SthEAA",FALSE,"group",NA,NA
"421","1012","Dg Af NW EAA",FALSE,"group",NA,NA
"422","1011","Dg Af Es EAA",FALSE,"group",NA,NA
"423","1010","Dg Af Ce EAA",FALSE,"group",NA,NA
"424","1053","Devloped EAA",FALSE,"group",NA,NA
"425","948","Developing",FALSE,"group",NA,NA
"426","1055","Developing",FALSE,"group",NA,NA
"427","1185","Developed",FALSE,"group",NA,NA
"428","208","Denmark",FALSE,"country",NA,NA
"429","180","Democratic Republic of the Congo",FALSE,"country",NA,NA
"430","408","Democratic People's Republic of Korea",FALSE,"country",NA,NA
"431","1007","Dd W Eur EAA",FALSE,"group",NA,NA
"432","1030","Dd USSR Euro",FALSE,"group",NA,NA
"433","1009","Dd USSR EAA",FALSE,"group",NA,NA
"434","1029","Dd USSR Asia",FALSE,"group",NA,NA
"435","1006","Dd Ocean EAA",FALSE,"group",NA,NA
"436","1008","Dd E Eur EAA",FALSE,"group",NA,NA
"437","1005","Dd Asia EAA",FALSE,"group",NA,NA
"438","1004","Dd Amer EAA",FALSE,"group",NA,NA
"439","1003","Dd Afric EAA",FALSE,"group",NA,NA
"440","203","Czechia",FALSE,"country",NA,NA
"441","200","Czechoslovak(-1992)",FALSE,"country",NA,NA
"442","1109","Czech F Area(1993-)",FALSE,"group",NA,NA
"443","196","Cyprus",FALSE,"country",NA,NA
"444","192","Cuba",FALSE,"country",NA,NA
"445","191","Croatia",FALSE,"country",NA,NA
"446","1069","COUNTRY LIST",FALSE,"group",NA,NA
"447","384","Côte d'Ivoire",FALSE,"country",NA,NA
"448","188","Costa Rica",FALSE,"country",NA,NA
"449","184","Cook Islands",FALSE,"country",NA,NA
"450","178","Congo",FALSE,"country",NA,NA
"451","174","Comoros",FALSE,"country",NA,NA
"452","981","COMESA",FALSE,"group",NA,NA
"453","170","Colombia",FALSE,"country",NA,NA
"454","166","Cocos Is",FALSE,"country",NA,NA
"455","1028","Cnt Am Carib",FALSE,"group",NA,NA
"456","989","CIS(1991-)",FALSE,"group",NA,NA
"457","979","CILSS",FALSE,"group",NA,NA
"458","162","Christmas Is",FALSE,"country",NA,NA
"459","158","China,Taiwan",FALSE,"country",NA,NA
"460","1248","China, Main",FALSE,"country",NA,NA
"461","446","China, Macao",FALSE,"country",NA,NA
"462","344","China,H.Kong",FALSE,"country",NA,NA
"463","1249","China (excl. Hong Kong and Macao)",FALSE,"country",NA,NA
"464","156","China",FALSE,"country",NA,NA
"465","152","Chile",FALSE,"country",NA,NA
"466","830","Channel Is",FALSE,"country",NA,NA
"467","148","Chad",FALSE,"country",NA,NA
"468","913","Central Amer",FALSE,"group",NA,NA
"469","140","Central African Republic",FALSE,"country",NA,NA
"470","925","CentAmer&Car",FALSE,"group",NA,NA
"471","910","Cent Africa",FALSE,"group",NA,NA
"472","1200","CEN-SAD",FALSE,"group",NA,NA
"473","1105","CEFTA",FALSE,"group",NA,NA
"474","1088","CBDCBDPLAP",FALSE,"group",NA,NA
"475","1089","CBDCBDNPLAP",FALSE,"group",NA,NA
"476","1076","CBDCBDCAP",FALSE,"group",NA,NA
"477","136","Cayman Islands",FALSE,"country",NA,NA
"478","1104","CARIFORUM",FALSE,"group",NA,NA
"479","961","CARICOM",FALSE,"group",NA,NA
"480","914","Caribbean",FALSE,"group",NA,NA
"481","132","Cabo Verde",FALSE,"country",NA,NA
"482","128","Canton Is",FALSE,"country",NA,NA
"483","124","Canada",FALSE,"country",NA,NA
"484","120","Cameroon",FALSE,"country",NA,NA
"485","116","Cambodia",FALSE,"country",NA,NA
"486","963","CAEU",FALSE,"group",NA,NA
"487","960","CACM",FALSE,"group",NA,NA
"488","1186","CACEU",FALSE,"group",NA,NA
"489","108","Burundi",FALSE,"country",NA,NA
"490","854","Burkina Faso",FALSE,"country",NA,NA
"491","100","Bulgaria",FALSE,"country",NA,NA
"492","1100","BSEC Dvng",FALSE,"group",NA,NA
"493","1150","BSEC",FALSE,"group",NA,NA
"494","96","Brunei Darussalam",FALSE,"country",NA,NA
"495","92","British Virgin Islands",FALSE,"country",NA,NA
"496","86","Br Ind Oc Tr",FALSE,"country",NA,NA
"497","76","Brazil",FALSE,"country",NA,NA
"498","74","Bouvet Is",FALSE,"country",NA,NA
"499","72","Botswana",FALSE,"country",NA,NA
"500","70","Bosnia and Herzegovina",FALSE,"country",NA,NA
"501","68","Bolivia (Plurinational State of)",FALSE,"country",NA,NA
"502","64","Bhutan",FALSE,"country",NA,NA
"503","60","Bermuda",FALSE,"country",NA,NA
"504","204","Benin",FALSE,"country",NA,NA
"505","58","Bel-Lux(-1999)",FALSE,"country",NA,NA
"506","84","Belize",FALSE,"country",NA,NA
"507","56","Belgium",FALSE,"country",NA,NA
"508","112","Belarus",FALSE,"country",NA,NA
"509","52","Barbados",FALSE,"country",NA,NA
"510","50","Bangladesh",FALSE,"country",NA,NA
"511","964","BANGKOK  Agr",FALSE,"group",NA,NA
"512","1094","Baltic Assem",FALSE,"group",NA,NA
"513","48","Bahrain",FALSE,"country",NA,NA
"514","44","Bahamas",FALSE,"country",NA,NA
"515","31","Azerbaijan",FALSE,"country",NA,NA
"516","40","Austria",FALSE,"country",NA,NA
"517","36","Australia",FALSE,"country",NA,NA
"518","1049","Aus/Nwzl,EAA",FALSE,"group",NA,NA
"519","1138","Asia Unal",FALSE,"group",NA,NA
"520","1121","Asia&Pacific",FALSE,"group",NA,NA
"521","1057","Asia (Fmr)",FALSE,"group",NA,NA
"522","955","Asia (Fmr)",FALSE,"group",NA,NA
"523","900","Asia (FAO)",FALSE,"group",NA,NA
"524","1129","Asia EAA",FALSE,"group",NA,NA
"525","938","Asia Dvpd",FALSE,"group",NA,NA
"526","1176","Asia Dvng",FALSE,"group",NA,NA
"527","531","Curaçao",FALSE,"country",NA,NA
"528","942","Asia Dvng",FALSE,"group",NA,NA
"529","1115","Asia",FALSE,"group",NA,NA
"530","932","Asia",FALSE,"group",NA,NA
"531","995","Asia",FALSE,"group",NA,NA
"532","951","Asia",FALSE,"group",NA,NA
"533","1056","Asia",FALSE,"group",NA,NA
"534","965","ASEAN",FALSE,"group",NA,NA
"535","533","Aruba",FALSE,"country",NA,NA
"536","51","Armenia",FALSE,"country",NA,NA
"537","32","Argentina",FALSE,"country",NA,NA
"538","1199","AOAD",FALSE,"group",NA,NA
"539","28","Antigua and Barbuda",FALSE,"country",NA,NA
"540","1052","Antartic EAA",FALSE,"group",NA,NA
"541","993","Antarctica",FALSE,"group",NA,NA
"542","10","Antarctica",FALSE,"country",NA,NA
"543","660","Anguilla",FALSE,"country",NA,NA
"544","24","Angola",FALSE,"country",NA,NA
"545","20","Andorra",FALSE,"country",NA,NA
"546","962","ANCOM",FALSE,"group",NA,NA
"547","1187","AMU",FALSE,"group",NA,NA
"548","1126","Amer Nth EAA",FALSE,"group",NA,NA
"549","1127","Amer Lat EAA",FALSE,"group",NA,NA
"550","1193","America Unal",FALSE,"group",NA,NA
"551","16","American Samoa",FALSE,"country",NA,NA
"552","1128","Amer Car EAA",FALSE,"group",NA,NA
"553","1137","All Unal Wld",FALSE,"group",NA,NA
"554","12","Algeria",FALSE,"country",NA,NA
"555","8","Albania",FALSE,"country",NA,NA
"556","1027","Afr StSahEAA",FALSE,"group",NA,NA
"557","535.01","Bonaire",FALSE,"country",NA,NA
"558","1026","Afr NtSahEAA",FALSE,"group",NA,NA
"559","949","Afri.Ex.Sout",FALSE,"group",NA,NA
"560","1139","Africa Unal",FALSE,"group",NA,NA
"561","954","Africa (Fmr)",FALSE,"group",NA,NA
"562","1184","Africa (FAO)",FALSE,"group",NA,NA
"563","1046","Africa,EAA",FALSE,"group",NA,NA
"564","1036","Africa,EAA",FALSE,"group",NA,NA
"565","935","Africa Dvpd",FALSE,"group",NA,NA
"566","907","Africa Dvng",FALSE,"group",NA,NA
"567","950","Africa",FALSE,"group",NA,NA
"568","933","Africa",FALSE,"group",NA,NA
"569","4","Afghanistan",FALSE,"country",NA,NA
"570","1147","ACS",FALSE,"group",NA,NA
"571","1183","ACP SugarPro",FALSE,"group",NA,NA
"572","1182","ACP Pacific",FALSE,"group",NA,NA
"573","1181","ACP Caribbn",FALSE,"group",NA,NA
"574","1180","ACP Africa",FALSE,"group",NA,NA
"575","998","ACP",FALSE,"group",NA,NA
"576","1141","ACM",FALSE,"group",NA,NA
"577","986","ACC",FALSE,"group",NA,NA
"578","1148","AAAID",FALSE,"group",NA,NA
"579","AH01","Ad hoc aggregation",FALSE,"synthetic",NA,NA
